1779401899,463,439,-744
1779401939,488,375,-777
1779401979,578,507,-788
1779402019,561,447,-779
1779402059,529,377,-732
1779402099,528,429,-768
1779402139,465,344,-799
1779402179,471,698,-841
1779402219,500,987,-688
1779402259,594,1202,-616
1779402299,407,470,-580
1779402339,456,-270,-1192
1779402379,518,57,-713
1779402419,469,442,-785
1779402459,513,384,-792
1779402499,479,407,-837
1779402539,494,365,-845
1779402579,506,350,-872
1779402619,465,390,-878
1779402659,433,422,-823
1779402699,448,380,-827
1779402739,431,424,-818
1779402779,398,444,-813
1779402819,414,393,-779
1779402859,450,446,-805
1779402908,427,494,-750
1779402948,440,465,-773
1779402988,380,579,-750
1779403028,364,557,-742
1779403068,401,561,-787
1779403108,417,560,-820
1779403148,439,526,-763
1779403188,441,503,-692
1779403228,430,559,-749
1779403268,414,613,-727
1779403308,462,668,-611
1779403348,395,944,-498
1779403388,357,1025,-389
1779403428,294,1003,-278
1779403468,293,860,-192
1779403508,224,979,-7
1779403548,244,972,-69
1779403588,219,985,63
1779403628,222,1051,42
1779403668,258,935,14
1779403708,160,927,98
1779403748,194,939,28
1779403788,163,972,176
1779403828,154,935,193
1779403868,127,991,222
1779403920,125,874,275
1779403960,140,830,205
1779404000,164,974,190
1779404040,125,933,230
1779404080,134,974,265
1779404120,103,921,345
1779404160,114,938,294
1779404200,99,919,355
1779404240,106,919,392
1779404280,91,929,371
1779404320,105,898,370
1779404360,100,870,384
1779404400,109,922,432
1779404440,117,893,419
1779404480,99,893,435
1779404520,104,914,403
1779404560,74,922,403
1779404600,112,885,455
1779404640,117,918,423
1779404680,120,903,403
1779404720,128,888,390
1779404760,123,906,393
1779404800,109,910,416
1779404840,119,857,378
1779404880,63,913,423
1779404932,68,916,400
1779404972,107,918,380
1779405012,120,906,338
1779405052,91,920,327
1779405092,58,966,380
1779405132,87,869,332
1779405172,104,898,377
1779405212,95,909,371
1779405252,105,930,327
1779405292,96,947,338
1779405332,109,906,363
1779405372,98,915,373
1779405412,98,885,367
1779405452,115,906,382
1779405492,125,944,372
1779405532,134,892,367
1779405572,168,924,356
1779405612,225,948,301
1779405652,253,909,297
1779405692,354,854,186
1779405732,414,787,112
1779405772,466,646,45
1779405812,471,656,34
1779405852,673,726,67
1779405892,762,622,4
1779405947,779,791,-97
1779405987,837,1015,-38
1779406027,790,1027,-5
1779406067,767,990,11
1779406107,588,1075,33
1779406147,507,1063,118
1779406187,447,1180,-75
1779406227,344,1153,-129
1779406267,322,1316,-187
1779406307,518,1404,-293
1779406347,623,1331,-234
1779406387,619,1245,-282
1779406427,491,947,-235
1779406467,346,714,-233
1779406507,304,581,-202
1779406547,266,434,-196
1779406587,292,389,-136
1779406627,349,364,-95
1779406667,470,429,-135
1779406707,626,462,-147
1779406747,746,445,-131
1779406787,973,428,-142
1779406827,1409,662,-1
1779406867,1596,683,138
1779406907,2009,778,225
1779406955,1905,1005,153
1779406995,1189,700,131
1779407035,967,339,74
1779407075,852,346,-67
1779407115,743,361,-50
1779407155,692,398,-133
1779407195,617,357,-166
1779407235,677,311,-228
1779407275,859,399,-280
1779407315,1101,417,-200
1779407355,1190,414,-59
1779407395,1309,588,-23
1779407435,1450,599,117
1779407475,1367,711,169
1779407515,1369,865,171
1779407555,1885,723,-141
1779407595,1372,932,257
1779407635,1357,988,99
1779407675,770,1246,275
1779407715,845,1247,-148
1779407755,807,709,102
1779407795,555,472,116
1779407835,343,499,44
1779407875,282,246,76
1779407915,180,330,22
1779407970,159,155,111
1779408010,132,116,104
1779408050,225,203,-21
1779408090,468,497,-151
1779408130,584,810,68
1779408170,989,909,-239
1779408210,1546,1129,170
1779408250,1750,1259,15
1779408290,1405,1327,-296
1779408330,1223,884,-144
1779408370,1086,572,52
1779408410,1032,292,-20
1779408450,1051,400,-108
1779408490,1022,405,-57
1779408530,1025,519,-58
1779408570,1071,585,-8
1779408610,977,522,46
1779408650,1186,553,68
1779408690,1163,202,80
1779408730,1308,-132,74
1779408770,1364,-74,-318
1779408810,1125,-117,-274
1779408850,1003,175,-494
1779408890,1039,540,-427
1779408930,1112,654,-495
1779408982,1008,696,-482
1779409022,1253,1019,-655
1779409062,1307,1189,-520
1779409102,1081,1095,-588
1779409142,932,1043,-442
1779409182,727,428,-162
1779409222,423,325,-62
1779409262,410,169,49
1779409302,318,55,208
1779409342,293,-131,442
1779409382,682,165,-333
1779409422,923,351,-98
1779409462,1583,633,-272
1779409502,1466,843,-472
1779409542,1512,773,-34
1779409582,1736,629,-314
1779409622,1503,816,-253
1779409662,1143,906,-32
1779409702,1288,147,155
1779409742,1266,155,-157
1779409782,1253,667,-354
1779409822,1201,924,-412
1779409862,1107,734,-373
1779409902,905,575,-385
1779409942,942,580,-312
1779409994,1168,619,-306
1779410034,1547,521,-233
1779410074,1593,353,13
1779410114,1586,457,-73
1779410154,1633,596,-51
1779410194,1413,542,-38
1779410234,1248,561,-184
1779410274,1009,339,-7
1779410314,699,294,-70
1779410354,501,206,-72
1779410394,437,220,-78
1779410434,405,259,-7
1779410474,430,209,-29
1779410514,640,512,14
1779410554,787,547,35
1779410594,1184,732,-141
1779410634,1554,861,-92
1779410674,1528,899,-53
1779410714,1286,706,-216
1779410754,1031,427,-161
1779410794,970,488,-154
1779410834,1067,325,-19
1779410874,1213,294,-146
1779410914,1168,398,-300
1779410954,1174,554,-416
1779411006,1116,575,-428
1779411046,1141,529,-461
1779411086,1063,469,-411
1779411126,1078,445,-365
1779411166,1527,529,-265
1779411206,1668,349,-134
1779411246,1385,272,-134
1779411286,1166,308,-77
1779411326,1067,165,-71
1779411366,1083,324,-20
1779411406,994,328,96
1779411446,888,316,31
1779411486,870,282,38
1779411526,808,328,66
1779411566,694,308,68
1779411606,847,311,5
1779411646,844,347,5
1779411686,972,365,-158
1779411726,1432,478,-326
1779411766,1674,550,-222
1779411806,1165,378,-115
1779411846,855,221,-237
1779411886,799,299,-309
1779411926,834,402,-168
1779411966,1038,306,-129
1779412018,1124,373,-222
1779412058,1155,535,-348
1779412098,1188,556,-457
1779412138,1206,564,-421
1779412178,1199,542,-364
1779412218,1062,389,-313
1779412258,1489,476,-234
1779412298,1656,366,-191
1779412338,1389,470,-198
1779412378,1245,439,-127
1779412418,1203,583,-115
1779412458,1018,519,5
1779412498,876,417,-19
1779412538,688,313,42
1779412578,492,225,85
1779412618,557,253,59
1779412658,542,259,66
1779412698,668,228,-58
1779412738,819,311,-84
1779412778,985,313,-131
1779412818,1683,483,-356
1779412858,2099,609,-131
1779412898,1653,586,-191
1779412938,1111,431,-385
1779412978,724,397,-247
1779413029,850,65,-27
1779413069,1061,173,-105
1779413109,1072,476,-211
1779413149,1066,631,-369
1779413189,1154,621,-402
1779413229,1084,675,-438
1779413269,1267,604,-401
1779413309,1112,401,-348
1779413349,1379,432,-244
1779413389,1713,472,-229
1779413429,1692,310,-226
1779413469,1392,459,-93
1779413509,1305,370,-105
1779413549,1401,679,-153
1779413589,1404,631,-11
1779413629,1050,478,45
1779413669,651,250,70
1779413709,387,159,41
1779413749,266,135,51
1779413789,211,119,41
1779413829,329,127,-48
1779413869,551,219,-100
1779413909,928,385,-13
1779413949,1716,723,-268
1779413989,2023,1153,-229
1779414040,1637,1050,-208
1779414080,1275,736,-130
1779414120,917,226,-147
1779414160,1009,64,-63
1779414200,1133,124,-54
1779414240,1087,384,-240
1779414280,1031,578,-365
1779414320,1057,606,-458
1779414360,1089,490,-437
1779414400,1137,484,-336
1779414440,1239,542,-400
1779414480,1011,416,-265
1779414520,1323,471,-257
1779414560,1612,396,-228
1779414600,1773,242,-259
1779414640,1434,239,-31
1779414680,1312,430,-27
1779414720,1345,810,-168
1779414760,1241,690,-75
1779414800,851,455,0
1779414840,543,323,50
1779414880,296,158,103
1779414920,201,196,85
1779414960,169,211,106
1779415000,249,221,9
1779415053,502,371,4
1779415093,751,379,-100
1779415133,1229,610,-473
1779415173,1969,919,-199
1779415213,1893,951,-141
1779415253,1553,630,-354
1779415293,1053,528,-464
1779415333,823,196,-23
1779415373,1048,-20,-34
1779415413,1063,151,-205
1779415453,953,382,-323
1779415493,867,573,-461
1779415533,936,564,-480
1779415573,1103,479,-427
1779415613,1207,324,-252
1779415653,1454,317,-294
1779415693,1363,295,-274
1779415733,1231,300,-219
1779415773,1637,414,-150
1779415813,1838,429,-68
1779415853,1639,410,-143
1779415893,1361,361,-204
1779415933,1120,293,-139
1779415973,914,264,-149
1779416013,731,129,-97
1779416065,480,100,-62
1779416105,392,77,-65
1779416145,437,199,-136
1779416185,484,306,-142
1779416225,652,529,-177
1779416265,805,559,-80
1779416305,1104,612,135
1779416345,1514,793,236
1779416385,1689,908,291
1779416425,1602,965,172
1779416465,1375,845,-316
1779416505,1249,619,-153
1779416545,1058,561,73
1779416585,944,440,151
1779416625,883,191,121
1779416665,856,296,47
1779416705,836,425,34
1779416745,857,516,-7
1779416785,856,473,-51
1779416825,877,416,-45
1779416865,948,459,-49
1779416905,1135,522,-140
1779416945,1027,493,-244
1779416985,1286,-22,-640
1779417025,1162,-467,-627
1779417076,1075,677,-658
1779417116,937,759,-304
1779417156,980,318,-33
1779417196,1025,238,-41
1779417236,1022,286,-38
1779417276,988,298,-25
1779417316,959,350,-43
1779417356,970,369,-39
1779417396,970,375,-53
1779417436,958,385,-73
1779417476,950,371,-63
1779417516,944,333,-66
1779417556,943,324,-92
1779417596,943,312,-110
1779417636,958,326,-108
1779417676,971,339,-140
1779417716,973,341,-178
1779417756,973,343,-174
1779417796,976,343,-189
1779417836,970,345,-199
1779417876,955,350,-189
1779417916,956,352,-180
1779417956,957,363,-173
1779417996,953,366,-155
1779418036,946,366,-154
1779418088,947,376,-139
1779418128,945,373,-139
1779418168,957,376,-131
1779418208,939,377,-137
1779418248,941,373,-144
1779418288,943,377,-136
1779418328,949,370,-138
1779418368,957,374,-141
1779418408,960,362,-138
1779418448,944,361,-147
1779418488,952,356,-150
1779418528,956,352,-154
1779418568,952,356,-161
1779418608,948,361,-162
1779418648,952,360,-157
1779418688,959,360,-153
1779418728,950,364,-149
1779418768,951,374,-149
1779418808,954,375,-149
1779418848,964,382,-123
1779418888,943,376,-138
1779418928,940,378,-138
1779418968,949,379,-132
1779419008,954,376,-128
1779419048,951,385,-134
1779419100,954,384,-131
1779419140,952,372,-136
1779419180,950,371,-141
1779419220,956,365,-144
1779419260,952,363,-146
1779419300,958,364,-142
1779419340,954,359,-142
1779419380,962,359,-138
1779419420,956,355,-143
1779419460,959,352,-133
1779419500,962,370,-139
1779419540,962,368,-120
1779419580,946,358,-127
1779419620,949,370,-132
1779419660,957,369,-129
1779419700,975,371,-128
1779419740,961,362,-116
1779419780,955,354,-136
1779419820,977,348,-145
1779419860,984,316,-153
1779419900,1029,336,-138
1779419940,988,286,-126
1779419980,989,185,-155
1779420020,1023,233,-62
1779420060,991,238,-41
1779420112,1024,162,51
1779420152,967,226,119
1779420192,1084,281,9
1779420232,1050,1160,67
1779420272,1042,372,-123
1779420312,945,-205,-105
1779420352,1023,520,389
1779420392,1025,390,180
1779420432,1099,481,662
1779420472,925,678,908
1779420512,786,1141,737
1779420552,793,317,187
1779420592,472,687,-75
1779420632,448,443,611
1779420672,440,379,460
1779420712,935,226,186
1779420752,823,17,451
1779420792,759,232,634
1779420832,822,242,541
1779420872,778,191,643
1779420912,843,109,637
1779420952,848,121,660
1779420992,878,175,632
1779421032,1027,273,892
1779421072,1202,328,469
1779421122,1095,169,356
1779421162,941,-90,290
1779421202,798,-234,374
1779421242,856,-129,379
1779421282,942,-52,415
1779421322,943,-13,263
1779421362,801,123,338
1779421402,741,71,349
1779421442,746,33,416
1779421482,630,207,414
1779421522,611,245,489
1779421562,676,355,425
1779421602,958,387,416
1779421642,1272,429,648
1779421682,1276,346,659
1779421722,1470,-123,576
1779421762,1006,-203,541
1779421802,890,68,569
1779421842,1035,-68,598
1779421882,936,2,596
1779421922,715,8,368
1779421962,547,-30,382
1779422002,481,93,451
1779422042,548,177,411
1779422082,772,207,510
1779422134,892,160,629
1779422174,917,67,736
1779422214,883,151,763
1779422254,885,261,757
1779422294,1066,146,741
1779422334,1205,-149,72
1779422374,932,-233,251
1779422414,1087,-271,740
1779422454,1152,-158,577
1779422494,899,92,206
1779422534,635,170,260
1779422574,552,148,383
1779422614,549,107,461
1779422654,638,187,530
1779422694,652,359,573
1779422734,880,366,199
1779422774,1203,541,508
1779422814,1137,369,822
1779422854,1307,44,281
1779422894,1094,-202,758
1779422934,909,42,755
1779422974,1086,-62,756
1779423014,927,30,578
1779423054,685,12,360
1779423094,552,-42,352
1779423147,474,70,432
1779423187,579,116,487
1779423227,724,195,498
1779423267,809,251,605
1779423307,886,190,757
1779423347,911,245,789
1779423387,932,276,721
1779423427,941,91,683
1779423467,1133,-308,168
1779423507,1103,-395,385
1779423547,1250,-409,892
1779423587,1104,-52,477
1779423627,774,235,251
1779423667,563,272,277
1779423707,493,95,374
1779423747,489,87,471
1779423787,577,116,584
1779423827,655,334,558
1779423867,924,365,355
1779423907,1175,656,584
1779423947,1055,509,931
1779423987,1220,168,416
1779424027,1311,-130,883
1779424067,862,26,712
1779424107,964,36,611
1779424158,900,15,698
1779424198,703,61,341
1779424238,576,-38,344
1779424278,467,68,411
1779424318,531,177,473
1779424358,651,156,509
1779424398,835,198,637
1779424438,869,161,753
1779424478,861,259,711
1779424518,900,317,715
1779424558,1056,109,792
1779424598,1206,-241,317
1779424638,1046,-386,384
1779424678,1092,-359,728
1779424718,1028,-83,612
1779424758,817,124,253
1779424798,613,286,264
1779424838,564,188,430
1779424878,590,105,430
1779424918,669,105,576
1779424958,682,261,525
1779424998,756,413,451
1779425038,988,651,444
1779425078,1095,378,896
1779425118,1470,31,439
1779425170,1046,33,697
1779425210,952,-100,679
1779425250,1025,-28,672
1779425290,848,83,546
1779425330,665,54,407
1779425370,550,-22,411
1779425410,484,26,389
1779425450,542,126,483
1779425490,709,137,529
1779425530,844,258,641
1779425570,865,133,768
1779425610,879,225,762
1779425650,919,251,777
1779425690,1025,214,778
1779425730,1146,-191,200
1779425770,986,-396,236
1779425810,1113,-240,768
1779425850,1110,-139,588
1779425890,837,108,312
1779425930,647,261,261
1779425970,615,200,353
1779426010,663,90,388
1779426050,686,139,469
1779426090,635,305,540
1779426130,662,376,459
1779426182,992,559,279
1779426222,1155,516,910
1779426262,1292,477,611
1779426302,1446,-141,861
1779426342,915,-36,633
1779426382,993,27,605
1779426422,911,-43,562
1779426462,762,33,389
1779426502,625,-65,366
1779426542,553,13,417
1779426582,607,75,444
1779426622,684,190,519
1779426662,746,269,557
1779426702,828,218,611
1779426742,912,242,671
1779426782,968,244,592
1779426822,1090,208,664
1779426862,1243,-98,258
1779426902,1105,-392,274
1779426942,1244,-409,697
1779426982,1040,-38,603
1779427022,852,165,244
1779427062,654,317,224
1779427102,585,171,399
1779427142,603,121,431
1779427194,666,211,489
1779427234,631,294,525
1779427274,679,479,424
1779427314,986,579,197
1779427354,1088,682,1030
1779427394,1075,781,927
1779427434,1134,46,306
1779427474,1082,-22,611
1779427514,877,82,679
1779427554,977,86,747
1779427594,846,159,618
1779427634,660,144,400
1779427674,549,11,394
1779427714,572,10,446
1779427754,668,137,613
1779427794,739,138,573
1779427834,832,167,561
1779427874,791,205,721
1779427914,751,240,762
1779427954,741,302,782
1779427994,789,328,797
1779428034,970,219,605
1779428074,1124,-261,135
1779428114,1072,-334,428
1779428154,1188,-100,745
1779428205,1079,27,430
1779428245,863,238,283
1779428285,690,302,300
1779428325,650,141,401
1779428365,655,113,397
1779428405,671,184,506
1779428445,680,282,535
1779428485,737,411,411
1779428525,923,542,303
1779428565,1010,540,916
1779428605,1050,448,671
1779428645,1381,-138,165
1779428685,1081,-23,645
1779428725,979,136,631
1779428765,1010,-156,656
1779428805,784,72,466
1779428845,665,112,367
1779428885,599,62,401
1779428925,643,168,498
1779428965,746,282,542
1779429005,838,297,478
1779429045,840,317,526
1779429085,806,312,557
1779429125,839,310,676
1779429165,885,263,677
1779429217,882,253,626
1779429257,957,237,557
1779429297,1063,-188,-23
1779429337,1073,-247,534
1779429377,1269,-138,611
1779429417,1117,129,334
1779429457,861,297,305
1779429497,727,248,290
1779429537,725,122,400
1779429577,734,122,345
1779429617,733,204,450
1779429657,727,324,472
1779429697,731,413,383
1779429737,829,488,327
1779429777,923,469,553
1779429817,968,372,598
1779429857,1267,129,314
1779429897,1351,43,735
1779429937,1026,29,497
1779429977,765,50,582
1779430017,783,-20,670
1779430057,820,-40,446
1779430097,776,-22,427
1779430137,768,-15,527
1779430177,847,88,559
1779430232,833,188,489
1779430272,859,207,572
1779430312,971,173,517
1779430352,873,191,505
1779430392,838,200,525
1779430432,842,185,461
1779430472,821,331,371
1779430512,821,467,367
1779430552,780,517,509
1779430592,797,537,592
1779430632,868,327,556
1779430672,920,401,704
1779430712,878,910,713
1779430752,660,918,656
1779430792,541,1408,714
1779430832,597,1600,895
1779430872,396,1729,1125
1779430912,443,1645,1184
1779430952,450,1506,1197
1779430992,456,1336,733
1779431032,219,1048,426
1779431072,57,905,65
1779431112,3,446,-108
1779431152,-118,180,-174
1779431192,-50,-87,-60
1779431244,8,-473,-56
1779431284,122,-600,-135
1779431324,28,-770,-168
1779431364,-8,-1088,-103
1779431404,58,-704,-482
1779431444,-51,-1368,-241
1779431484,-216,-951,-35
1779431524,-324,-810,-430
1779431564,-230,-912,58
1779431604,-102,-907,-156
1779431644,-45,-1109,-36
1779431684,-93,-904,39
1779431724,-122,-971,-396
1779431764,-78,-1101,-101
1779431804,-91,-971,-164
1779431844,-57,-941,-80
1779431884,-49,-1015,-125
1779431924,-47,-974,-64
1779431964,-37,-995,-62
1779432004,-34,-1003,-56
1779432044,-34,-995,-75
1779432084,-21,-993,-52
1779432124,-19,-1002,-72
1779432164,-31,-1000,-79
1779432204,-18,-993,-72
1779432255,-23,-989,-76
1779432295,-15,-980,-64
1779432335,-12,-1015,-94
1779432375,-22,-997,-87
1779432415,-18,-986,-78
1779432455,-40,-978,-79
1779432495,-36,-1005,-97
1779432535,-52,-989,-102
1779432575,-40,-994,-93
1779432615,-47,-1002,-104
1779432655,-53,-1002,-103
1779432695,-51,-983,-97
1779432735,-51,-998,-93
1779432775,-52,-999,-97
1779432815,-61,-991,-103
1779432855,-56,-995,-98
1779432895,-56,-987,-92
1779432935,-44,-994,-96
1779432975,-62,-1005,-92
1779433015,-49,-987,-93
1779433055,-67,-988,-86
1779433095,-66,-991,-94
1779433135,-60,-993,-85
1779433175,-64,-987,-88
1779433215,-61,-1007,-94
1779433268,-70,-989,-90
1779433308,-69,-988,-105
1779433348,-67,-993,-106
1779433388,-63,-994,-112
1779433428,-65,-1000,-104
1779433468,-66,-990,-102
1779433508,-62,-987,-98
1779433548,-54,-984,-96
1779433588,-50,-992,-99
1779433628,-52,-998,-105
1779433668,-45,-976,-104
1779433708,-58,-966,-98
1779433748,-45,-989,-72
1779433788,-43,-994,-54
1779433828,-40,-1005,-19
1779433868,-21,-945,27
1779433908,-61,-995,46
1779433948,-76,-1103,35
1779433988,-112,-1015,-12
1779434028,-89,-1006,-13
1779434068,-129,-917,-15
1779434108,-134,-946,-44
1779434148,-124,-944,-21
1779434188,-136,-936,-22
1779434228,-122,-977,-43
1779434279,-116,-1016,-56
1779434319,-96,-1066,-51
1779434359,-120,-1135,-102
1779434399,-38,-1397,-136
1779434439,-130,-1273,-279
1779434479,-154,-968,-304
1779434519,-139,-717,-299
1779434559,15,-889,-284
1779434599,-56,-980,-234
1779434639,-148,-1003,-188
1779434679,-138,-945,-174
1779434719,-133,-925,-131
1779434759,-86,-938,-97
1779434799,-74,-962,-84
1779434839,-63,-878,-74
1779434879,-57,-824,-122
1779434919,-14,-903,-122
1779434959,-82,-926,-204
1779434999,-68,-931,-213
1779435039,14,-1347,-118
1779435079,-143,-1420,-140
1779435119,-314,-1106,-131
1779435159,-258,-732,-251
1779435199,-183,-978,5
1779435239,-309,-1016,-92
1779435291,-343,-955,-24
1779435331,-293,-892,-148
1779435371,-304,-831,-79
1779435411,-287,-798,-47
1779435451,-252,-842,-59
1779435491,-280,-811,-62
1779435531,-303,-916,-81
1779435571,-326,-1016,-166
1779435611,-268,-1296,-149
1779435651,-234,-1044,-250
1779435691,-191,-856,-245
1779435731,6,-1157,-273
1779435771,-162,-1098,-330
1779435811,-141,-978,-229
1779435851,-73,-880,-179
1779435891,-70,-862,-83
1779435931,-69,-842,-46
1779435971,-57,-876,-101
1779436011,-56,-886,-171
1779436051,-82,-946,-246
1779436091,-72,-989,-322
1779436131,-108,-1050,-370
1779436171,-104,-993,-337
1779436211,-126,-1357,-267
1779436251,-272,-999,-209
1779436303,-172,-1046,-145
1779436343,-264,-1063,-149
1779436383,-361,-1114,-53
1779436423,-256,-918,-248
1779436463,-214,-729,-141
1779436503,-194,-704,-122
1779436543,-200,-759,-105
1779436583,-165,-903,-129
1779436623,-226,-806,-180
1779436663,-238,-1100,-241
1779436703,-253,-1122,-340
1779436743,-264,-1323,-334
1779436783,-169,-1204,-405
1779436823,-279,-760,-436
1779436863,-15,-1170,-400
1779436903,-189,-911,-438
1779436943,-166,-935,-329
1779436983,-92,-748,-305
1779437023,-43,-636,-173
1779437063,-23,-673,-126
1779437103,-20,-822,-129
1779437143,-32,-893,-157
1779437183,-43,-906,-204
1779437223,-10,-1125,-196
1779437263,-111,-1153,-226
1779437315,-85,-1302,-226
1779437355,-168,-1049,-161
1779437395,-267,-856,-39
1779437435,-50,-1211,-122
1779437475,-254,-1015,-147
1779437515,-230,-888,-190
1779437555,-107,-772,-205
1779437595,-92,-631,-144
1779437635,-65,-724,-123
1779437675,-106,-807,-144
1779437715,-115,-852,-162
1779437755,-117,-932,-180
1779437795,-114,-1137,-179
1779437835,-187,-1228,-251
1779437875,-101,-1486,-285
1779437915,-111,-1166,-373
1779437955,-192,-1017,-326
1779437995,75,-1059,-318
1779438035,-127,-1004,-353
1779438075,-143,-846,-251
1779438115,-45,-729,-219
1779438155,-33,-630,-109
1779438195,-16,-717,-97
1779438235,-12,-892,-117
1779438275,-31,-850,-134
1779438326,3,-1045,-112
1779438366,-70,-1195,-162
1779438406,-164,-1120,-225
1779438446,-36,-1591,-302
1779438486,-313,-1039,-230
1779438526,-91,-1166,-30
1779438566,-180,-1112,-178
1779438606,-254,-1151,-67
1779438646,-141,-844,-224
1779438686,-103,-690,-105
1779438726,-71,-624,-84
1779438766,-46,-770,-82
1779438806,-110,-827,-83
1779438846,-95,-862,-128
1779438886,-60,-1117,-123
1779438926,-115,-1202,-190
1779438966,-189,-1313,-217
1779439006,-103,-1288,-206
1779439046,-194,-940,-250
1779439086,90,-1202,-210
1779439126,-34,-1004,-263
1779439166,-118,-929,-172
1779439206,-17,-749,-201
1779439246,20,-578,-86
1779439286,42,-590,-64
1779439338,29,-766,-26
1779439378,-3,-945,-96
1779439418,5,-951,-106
1779439458,34,-1205,-146
1779439498,-123,-1249,-227
1779439538,-72,-1363,-190
1779439578,-172,-952,-108
1779439618,-138,-978,126
1779439658,-32,-1239,-76
1779439698,-166,-1155,-74
1779439738,-161,-877,-181
1779439778,-34,-763,-145
1779439818,-67,-612,-100
1779439858,-34,-701,-80
1779439898,-26,-810,-100
1779439938,-78,-829,-92
1779439978,-39,-1040,-156
1779440018,-73,-1213,-194
1779440058,-165,-1178,-213
1779440098,22,-1495,-273
1779440138,-51,-1136,-238
1779440178,20,-1183,-177
1779440218,74,-1064,-207
1779440258,-39,-1084,-162
1779440298,-18,-795,-203
1779440350,36,-644,-120
1779440390,41,-600,-16
1779440430,27,-710,3
1779440470,-9,-876,-54
1779440510,11,-927,-57
1779440550,39,-1103,-99
1779440590,-44,-1248,-96
1779440630,-124,-1195,-140
1779440670,-30,-1480,-131
1779440710,-288,-866,5
1779440750,25,-1290,-52
1779440790,-111,-978,-184
1779440830,-193,-1014,31
1779440870,-30,-792,-128
1779440910,10,-650,-43
1779440950,-5,-652,-29
1779440990,-15,-777,-63
1779441030,-31,-894,-90
1779441070,-28,-934,-79
1779441110,-2,-1203,-137
1779441150,-83,-1225,-200
1779441190,-25,-1423,-233
1779441230,-63,-1136,-274
1779441270,-30,-1092,-210
1779441310,114,-1126,-299
1779441362,-27,-1118,-295
1779441402,-77,-845,-247
1779441442,17,-684,-194
1779441482,33,-549,-110
1779441522,41,-658,-82
1779441562,4,-842,-106
1779441602,-25,-890,-147
1779441642,-1,-1066,-129
1779441682,5,-1243,-180
1779441722,-161,-1168,-167
1779441762,25,-1705,-252
1779441802,-186,-1123,-183
1779441842,-104,-1018,45
1779441882,-42,-1262,-131
1779441922,-198,-1099,-32
1779441962,-126,-880,-164
1779442002,-33,-704,-108
1779442042,-55,-573,-52
1779442082,-17,-713,-89
1779442122,-92,-837,-100
1779442162,-83,-864,-136
1779442202,-22,-1098,-150
1779442242,-57,-1229,-189
1779442282,-187,-1226,-200
1779442322,-55,-1401,-247
1779442373,-99,-999,-241
1779442413,30,-1137,-263
1779442453,-15,-1009,-279
1779442493,-109,-1041,-237
1779442533,-52,-783,-289
1779442573,-11,-684,-154
1779442613,2,-621,-89
1779442653,2,-737,-49
1779442693,-45,-845,-115
1779442733,-20,-908,-114
1779442773,-2,-1095,-170
1779442813,-93,-1241,-177
1779442853,-130,-1203,-240
1779442893,-102,-1364,-251
1779442933,-279,-845,-165
1779442973,-25,-1162,-79
1779443013,-96,-1075,-205
1779443053,-238,-1095,-68
1779443093,-60,-851,-199
1779443133,-32,-692,-59
1779443173,-40,-644,-30
1779443213,-50,-750,-129
1779443253,-67,-827,-114
1779443293,-105,-821,-116
1779443333,-60,-1180,-141
1779443385,-115,-1227,-219
1779443425,-204,-1292,-265
1779443465,-115,-1291,-260
1779443505,-213,-918,-332
1779443545,51,-1081,-325
1779443585,12,-1039,-337
1779443625,-202,-967,-278
1779443665,-92,-818,-292
1779443705,-48,-660,-184
1779443745,-18,-620,-70
1779443785,-5,-739,-44
1779443825,-30,-883,-112
1779443865,-21,-902,-102
1779443905,-5,-1103,-140
1779443945,-43,-1248,-156
1779443985,-120,-1236,-134
1779444025,-142,-1127,-85
1779444065,-268,-837,-71
1779444105,-15,-1257,-76
1779444145,-179,-1014,-164
1779444185,-253,-1019,-61
1779444225,-91,-814,-199
1779444265,-60,-615,-81
1779444305,-47,-652,-69
1779444345,-74,-744,-91
1779444397,-96,-875,-93
1779444437,-104,-873,-114
1779444477,-20,-1139,-130
1779444517,-50,-1199,-166
1779444557,-173,-1204,-202
1779444597,-56,-1227,-213
1779444637,-143,-975,-234
1779444677,50,-1118,-307
1779444717,15,-1081,-300
1779444757,-142,-1106,-274
1779444797,-57,-823,-311
1779444837,-9,-628,-187
1779444877,35,-537,-88
1779444917,45,-721,-82
1779444957,-28,-865,-135
1779444997,-42,-871,-202
1779445037,16,-1031,-187
1779445077,-59,-1125,-214
1779445117,-145,-1212,-265
1779445157,-109,-1616,-324
1779445197,-432,-830,-241
1779445237,-45,-1207,-212
1779445277,-37,-1099,-261
1779445317,-236,-1105,-30
1779445357,-63,-922,-256
1779445408,20,-731,-148
1779445448,9,-576,-66
1779445488,20,-759,-118
1779445528,-39,-871,-140
1779445568,-40,-852,-172
1779445608,-23,-907,-250
1779445648,5,-975,-261
1779445688,-11,-1302,-183
1779445728,-11,-1312,-74
1779445768,-159,-930,-86
1779445808,169,-1364,-170
1779445848,-49,-1093,-294
1779445888,-20,-1162,-149
1779445928,60,-822,-327
1779445968,87,-656,-158
1779446008,125,-613,-85
1779446048,128,-777,-80
1779446088,70,-869,-80
1779446128,50,-836,-148
1779446168,73,-1089,-129
1779446208,-4,-1188,-226
1779446248,-139,-1218,-194
1779446288,-284,-940,-235
1779446328,-80,-1418,-202
1779446368,-261,-1234,-249
1779446420,-256,-1146,-114
1779446460,-114,-803,-201
1779446500,-72,-551,18
1779446540,-101,-524,31
1779446580,-76,-770,2
1779446620,-143,-838,-71
1779446660,-108,-992,-117
1779446700,-111,-1078,-175
1779446740,-109,-1155,-177
1779446780,31,-1703,-319
1779446820,-20,-1324,-300
1779446860,-40,-836,-255
1779446900,234,-1259,-175
1779446940,-139,-1118,-320
1779446980,-146,-1083,-195
1779447020,-78,-897,-212
1779447060,-57,-794,-88
1779447100,11,-813,-105
1779447140,13,-805,-93
1779447180,34,-799,-145
1779447220,38,-831,-190
1779447260,12,-1018,-233
1779447300,-25,-1134,-268
1779447340,104,-1475,-307
1779447380,-92,-1114,-205
1779447432,-68,-1449,-67
1779447472,-222,-1121,-196
1779447512,-229,-1174,-197
1779447552,-158,-862,-199
1779447592,-152,-736,-85
1779447632,-155,-711,-66
1779447672,-119,-919,-59
1779447712,-133,-898,-156
1779447752,-128,-972,-220
1779447792,-167,-1071,-316
1779447832,-157,-1157,-376
1779447872,16,-1446,-414
1779447912,-172,-729,-438
1779447952,226,-1150,-204
1779447992,31,-1118,-340
1779448032,-104,-1058,-178
1779448072,10,-898,-292
1779448112,19,-829,-133
1779448152,-6,-857,-108
1779448192,19,-943,-134
1779448232,23,-897,-173
1779448272,14,-842,-210
1779448312,26,-929,-265
1779448352,52,-970,-307
1779448392,55,-1055,-293
1779448444,93,-1175,-330
1779448484,134,-1397,-245
1779448524,-93,-848,-133
1779448564,-187,-727,-120
1779448604,100,-1141,-140
1779448644,-160,-900,-161
1779448684,-230,-1101,-26
1779448724,-93,-908,-240
1779448764,-62,-768,-111
1779448804,-70,-763,-73
1779448844,-86,-846,-61
1779448884,-57,-931,-128
1779448924,-80,-899,-125
1779448964,-36,-1142,-211
1779449004,-60,-1226,-218
1779449044,-120,-1201,-300
1779449084,-42,-1355,-335
1779449124,-60,-965,-309
1779449164,61,-1010,-272
1779449204,170,-1142,-282
1779449244,13,-1034,-227
1779449284,39,-828,-219
1779449324,89,-654,-151
1779449364,82,-606,-58
1779449404,100,-763,-62
1779449455,68,-897,-93
1779449495,101,-979,-121
1779449535,77,-988,-156
1779449575,97,-1196,-188
1779449615,-22,-1164,-224
1779449655,123,-1586,-191
1779449695,-152,-1043,-141
1779449735,-86,-973,18
1779449775,66,-1167,-134
1779449815,-146,-1030,-103
1779449855,-140,-877,-60
1779449895,-18,-751,-103
1779449935,-38,-639,-22
1779449975,-10,-755,-54
1779450015,-45,-853,-67
1779450055,-36,-896,-110
1779450095,-66,-1013,-128
1779450135,-50,-1176,-199
1779450175,-143,-1187,-267
1779450215,71,-1652,-357
1779450255,-78,-1088,-308
1779450295,36,-1168,-276
1779450335,106,-997,-357
1779450375,-20,-1041,-217
1779450415,-1,-766,-212
1779450467,46,-708,-131
1779450507,86,-678,-80
1779450547,49,-743,-48
1779450587,1,-820,-52
1779450627,63,-903,-91
1779450667,94,-1111,-144
1779450707,-10,-1232,-219
1779450747,-88,-1114,-252
1779450787,20,-1521,-293
1779450827,-316,-786,-145
1779450867,41,-1302,-138
1779450907,-68,-1053,-305
1779450947,-205,-1087,-83
1779450987,-31,-862,-210
1779451027,-15,-653,-89
1779451067,-31,-638,-99
1779451107,-28,-724,-129
1779451147,-68,-859,-148
1779451187,-60,-887,-167
1779451227,-48,-1173,-222
1779451267,-60,-1231,-315
1779451307,-109,-1292,-276
1779451347,25,-1319,-328
1779451387,-100,-914,-318
1779451427,204,-1157,-363
1779451479,49,-1016,-394
1779451519,-88,-808,-194
1779451559,42,-705,-255
1779451599,64,-574,-146
1779451639,38,-625,-114
1779451679,36,-791,-153
1779451719,31,-900,-173
1779451759,33,-975,-205
1779451799,40,-1206,-266
1779451839,-86,-1166,-268
1779451879,41,-1577,-319
1779451919,-166,-1208,-297
1779451959,-133,-930,-73
1779451999,-17,-1276,-252
1779452039,-209,-1084,-216
1779452079,-147,-848,-167
1779452119,-50,-735,-147
1779452159,-55,-587,-85
1779452199,-46,-722,-109
1779452239,-79,-803,-147
1779452279,-93,-861,-178
1779452319,-106,-1000,-205
1779452359,-71,-1166,-258
1779452399,-202,-1166,-326
1779452439,8,-1612,-452
1779452487,-123,-1101,-393
1779452527,23,-1207,-441
1779452567,12,-1013,-423
1779452607,-38,-961,-333
1779452647,-10,-757,-309
1779452687,26,-645,-189
1779452727,53,-593,-139
1779452767,47,-670,-102
1779452807,8,-831,-155
1779452847,5,-919,-184
1779452887,42,-1134,-248
1779452927,-27,-1254,-275
1779452967,-117,-1182,-268
1779453007,-147,-1168,-256
1779453047,-332,-812,-140
1779453087,2,-1293,-197
1779453127,-155,-1058,-320
1779453167,-249,-1046,-125
1779453207,-71,-760,-227
1779453247,-61,-608,-104
1779453287,-34,-624,-112
1779453327,-55,-718,-147
1779453367,-78,-868,-167
1779453407,-82,-872,-191
1779453447,-48,-1198,-230
1779453498,-107,-1193,-290
1779453538,-103,-1336,-379
1779453578,-54,-1294,-372
1779453618,-173,-977,-374
1779453658,108,-1146,-452
1779453698,-42,-1005,-395
1779453738,-114,-784,-274
1779453778,-12,-715,-235
1779453818,24,-586,-142
1779453858,20,-646,-100
1779453898,11,-790,-128
1779453938,-27,-898,-182
1779453978,7,-974,-201
1779454018,14,-1206,-233
1779454058,-94,-1186,-250
1779454098,2,-1447,-310
1779454138,-211,-819,-131
1779454178,-142,-923,-6
1779454218,-7,-1362,-212
1779454258,-175,-1132,-174
1779454298,-198,-959,-163
1779454338,-82,-741,-214
1779454378,-84,-579,-145
1779454418,-38,-675,-166
1779454458,-68,-744,-137
1779454514,-96,-833,-159
1779454554,-35,-942,-166
1779454594,-45,-1168,-253
1779454634,-124,-1266,-264
1779454674,-95,-1366,-391
1779454714,-131,-1053,-340
1779454754,-76,-969,-278
1779454794,86,-1162,-416
1779454834,-26,-1084,-397
1779454874,-119,-853,-220
1779454914,-25,-700,-225
1779454954,24,-555,-138
1779454994,27,-596,-85
1779455034,-7,-783,-88
1779455074,-60,-933,-177
1779455114,-41,-972,-230
1779455154,-32,-1173,-296
1779455194,-90,-1173,-370
1779455234,-129,-1543,-288
1779455274,-145,-1254,-378
1779455314,-282,-790,-46
1779455354,-24,-1077,-84
1779455394,-129,-1017,-210
1779455434,-172,-1022,-63
1779455474,-192,-951,-265
1779455526,-85,-594,-184
1779455566,-17,-743,-81
1779455606,22,-751,-152
1779455646,-34,-841,-143
1779455686,-46,-807,-25
1779455726,32,-974,-95
1779455766,111,-1130,-78
1779455806,44,-1246,-145
1779455846,149,-1389,5
1779455886,10,-1257,-247
1779455926,-180,-999,-237
1779455966,85,-1109,-265
1779456006,48,-1046,-248
1779456046,62,-937,-204
1779456086,-13,-810,-138
1779456126,131,-703,64
1779456166,221,-729,6
1779456206,165,-884,-30
1779456246,147,-823,-25
1779456286,200,-803,-92
1779456326,230,-903,-61
1779456366,314,-1055,-45
1779456406,234,-1183,22
1779456446,210,-1395,-420
1779456486,28,-1218,8
1779456537,64,-1243,100
1779456577,2,-1299,44
1779456617,83,-1026,-26
1779456657,-41,-822,0
1779456697,10,-715,66
1779456737,18,-908,63
1779456777,41,-432,148
1779456817,-129,-928,-33
1779456857,33,-943,-199
1779456897,64,-1110,-179
1779456937,106,-1024,-161
1779456977,-332,37,1114
1779457017,146,-1527,-153
1779457057,318,-1239,-268
1779457097,90,-998,-131
1779457137,332,-990,-84
1779457177,225,-1104,-69
1779457217,434,-960,-75
1779457257,395,-971,186
1779457297,-64,-606,-88
1779457337,360,-801,129
1779457377,335,-884,-125
1779457417,257,-800,-124
1779457457,102,-939,-104
1779457497,478,-861,344
